{"cameraMode":{"drawMode":0,"name":"Shaded","section":"Shading Mode"},"sceneLighting":false,"audioPlay":false,"sceneViewState":{"m_AlwaysRefresh":true,"showFog":true,"showSkybox":false,"showFlares":true,"showImageEffects":true,"showParticleSystems":true,"showVisualEffectGraphs":true,"m_FxEnabled":true},"in2DMode":false,"pivot":{"x":-0.23580330610275269,"y":1.4245349168777466,"z":-0.0712888240814209},"rotation":{"x":-0.05230927839875221,"y":-0.13381162285804749,"z":0.007073055952787399,"w":-0.9895997047424316},"size":0.5660282969474793,"orthographic":false}