{"cameraMode":{"drawMode":0,"name":"Shaded","section":"Shading Mode"},"sceneLighting":true,"audioPlay":false,"sceneViewState":{"m_AlwaysRefresh":false,"showFog":true,"showSkybox":true,"showFlares":true,"showImageEffects":true,"showParticleSystems":true,"showVisualEffectGraphs":true,"m_FxEnabled":true},"in2DMode":false,"pivot":{"x":-32.187225341796878,"y":7.106484889984131,"z":37.24692153930664},"rotation":{"x":0.17582103610038758,"y":0.053131651133298877,"z":-0.009502655826508999,"w":0.9829448461532593},"size":6.326042652130127,"orthographic":false}