{"cameraMode":{"drawMode":0,"name":"Shaded","section":"Shading Mode"},"sceneLighting":false,"audioPlay":false,"sceneViewState":{"m_AlwaysRefresh":false,"showFog":true,"showSkybox":false,"showFlares":true,"showImageEffects":true,"showParticleSystems":true,"showVisualEffectGraphs":true,"m_FxEnabled":true},"in2DMode":false,"pivot":{"x":0.2501286566257477,"y":0.29527366161346438,"z":0.2188745141029358},"rotation":{"x":0.23169401288032533,"y":0.0379277840256691,"z":-0.00904051959514618,"w":0.9720077514648438},"size":0.863560140132904,"orthographic":false}