{"cameraMode":{"drawMode":0,"name":"Shaded","section":"Shading Mode"},"sceneLighting":true,"audioPlay":false,"sceneViewState":{"m_AlwaysRefresh":false,"showFog":true,"showSkybox":true,"showFlares":true,"showImageEffects":true,"showParticleSystems":true,"showVisualEffectGraphs":true,"m_FxEnabled":true},"in2DMode":false,"pivot":{"x":-22.030858993530275,"y":-5.038902282714844,"z":64.39695739746094},"rotation":{"x":-0.17638009786605836,"y":0.00501765264198184,"z":-0.0008989316411316395,"w":-0.9843109250068665},"size":25.577747344970704,"orthographic":false}