{"cameraMode":{"drawMode":0,"name":"Shaded","section":"Shading Mode"},"sceneLighting":false,"audioPlay":false,"sceneViewState":{"m_AlwaysRefresh":false,"showFog":true,"showSkybox":false,"showFlares":true,"showImageEffects":true,"showParticleSystems":true,"showVisualEffectGraphs":true,"m_FxEnabled":true},"in2DMode":false,"pivot":{"x":-0.22701546549797059,"y":0.7897862792015076,"z":-1.7012091875076295},"rotation":{"x":0.19602134823799134,"y":0.030883124098181726,"z":-0.006176667753607035,"w":0.9800944328308106},"size":0.08190250396728516,"orthographic":false}