{"cameraMode":{"drawMode":0,"name":"Shaded","section":"Shading Mode"},"sceneLighting":false,"audioPlay":false,"sceneViewState":{"m_AlwaysRefresh":false,"showFog":true,"showSkybox":false,"showFlares":true,"showImageEffects":true,"showParticleSystems":true,"showVisualEffectGraphs":true,"m_FxEnabled":true},"in2DMode":false,"pivot":{"x":-36.95000076293945,"y":6.395000457763672,"z":39.81999969482422},"rotation":{"x":0.24494843184947968,"y":0.01599670574069023,"z":-0.0040417988784611229,"w":0.9694011211395264},"size":2.029271125793457,"orthographic":false}