{"cameraMode":{"drawMode":0,"name":"Shaded","section":"Shading Mode"},"sceneLighting":true,"audioPlay":false,"sceneViewState":{"m_AlwaysRefresh":false,"showFog":true,"showSkybox":true,"showFlares":true,"showImageEffects":true,"showParticleSystems":true,"showVisualEffectGraphs":true,"m_FxEnabled":true},"in2DMode":false,"pivot":{"x":33.60720443725586,"y":17.354917526245118,"z":46.92235565185547},"rotation":{"x":0.11395895481109619,"y":-0.10856077820062638,"z":0.012528602965176106,"w":0.9874571561813355},"size":18.006732940673829,"orthographic":false}