{"cameraMode":{"drawMode":0,"name":"Shaded","section":"Shading Mode"},"sceneLighting":true,"audioPlay":false,"sceneViewState":{"m_AlwaysRefresh":false,"showFog":true,"showSkybox":true,"showFlares":true,"showImageEffects":true,"showParticleSystems":true,"showVisualEffectGraphs":true,"m_FxEnabled":true},"in2DMode":false,"pivot":{"x":-11.905452728271485,"y":-16.277748107910158,"z":52.938289642333987},"rotation":{"x":0.2767992615699768,"y":-0.0158543698489666,"z":0.004567886237055063,"w":0.9607889652252197},"size":44.52574157714844,"orthographic":false}