{"cameraMode":{"drawMode":0,"name":"Shaded","section":"Shading Mode"},"sceneLighting":true,"audioPlay":false,"sceneViewState":{"m_AlwaysRefresh":false,"showFog":true,"showSkybox":true,"showFlares":true,"showImageEffects":true,"showParticleSystems":true,"showVisualEffectGraphs":true,"m_FxEnabled":true},"in2DMode":false,"pivot":{"x":2.8433544635772707,"y":1.6148149967193604,"z":-3.9987471103668215},"rotation":{"x":-0.1004747673869133,"y":0.8717151284217835,"z":-0.20117506384849549,"w":-0.43536922335624697},"size":3.2660279273986818,"orthographic":false}