{"cameraMode":{"drawMode":0,"name":"Shaded","section":"Shading Mode"},"sceneLighting":true,"audioPlay":false,"sceneViewState":{"m_AlwaysRefresh":false,"showFog":true,"showSkybox":true,"showFlares":true,"showImageEffects":true,"showParticleSystems":true,"showVisualEffectGraphs":true,"m_FxEnabled":true},"in2DMode":false,"pivot":{"x":2.217851400375366,"y":2.6501314640045168,"z":17.938875198364259},"rotation":{"x":0.13213464617729188,"y":0.07426894456148148,"z":-0.009928647428750992,"w":0.9883957505226135},"size":20.264915466308595,"orthographic":true}