{"cameraMode":{"drawMode":0,"name":"Shaded","section":"Shading Mode"},"sceneLighting":true,"audioPlay":false,"sceneViewState":{"m_AlwaysRefresh":false,"showFog":true,"showSkybox":true,"showFlares":true,"showImageEffects":true,"showParticleSystems":true,"showVisualEffectGraphs":true,"m_FxEnabled":true},"in2DMode":false,"pivot":{"x":126.01685333251953,"y":-31.458938598632814,"z":0.977570116519928},"rotation":{"x":0.13223151862621308,"y":-0.06388700008392334,"z":0.008540709502995015,"w":0.9891220927238464},"size":95.5865707397461,"orthographic":true}