{"cameraMode":{"drawMode":0,"name":"Shaded","section":"Shading Mode"},"sceneLighting":false,"audioPlay":false,"sceneViewState":{"m_AlwaysRefresh":false,"showFog":true,"showSkybox":true,"showFlares":true,"showImageEffects":true,"showParticleSystems":true,"showVisualEffectGraphs":true,"m_FxEnabled":true},"in2DMode":false,"pivot":{"x":30.97102165222168,"y":2.956986427307129,"z":24.489471435546876},"rotation":{"x":0.21038228273391725,"y":0.13007071614265443,"z":-0.028253944590687753,"w":0.9685165286064148},"size":10.492667198181153,"orthographic":false}