{"cameraMode":{"drawMode":0,"name":"Shaded","section":"Shading Mode"},"sceneLighting":true,"audioPlay":false,"sceneViewState":{"m_AlwaysRefresh":false,"showFog":true,"showSkybox":true,"showFlares":true,"showImageEffects":true,"showParticleSystems":true,"showVisualEffectGraphs":true,"m_FxEnabled":true},"in2DMode":false,"pivot":{"x":17.732656478881837,"y":2.7571141719818117,"z":10.08108139038086},"rotation":{"x":0.15623758733272553,"y":0.01481508556753397,"z":-0.0023436592891812326,"w":0.9876060485839844},"size":3.8983075618743898,"orthographic":false}