{"cameraMode":{"drawMode":0,"name":"Shaded","section":"Shading Mode"},"sceneLighting":true,"audioPlay":false,"sceneViewState":{"m_AlwaysRefresh":false,"showFog":true,"showSkybox":true,"showFlares":true,"showImageEffects":true,"showParticleSystems":true,"showVisualEffectGraphs":true,"m_FxEnabled":true},"in2DMode":false,"pivot":{"x":41.3502311706543,"y":9.820167541503907,"z":28.729583740234376},"rotation":{"x":0.4194802939891815,"y":0.009531243704259396,"z":-0.004404702689498663,"w":0.9077039361000061},"size":8.266096115112305,"orthographic":false}