{"cameraMode":{"drawMode":0,"name":"Shaded","section":"Shading Mode"},"sceneLighting":true,"audioPlay":false,"sceneViewState":{"m_AlwaysRefresh":false,"showFog":true,"showSkybox":true,"showFlares":true,"showImageEffects":true,"showParticleSystems":true,"showVisualEffectGraphs":true,"m_FxEnabled":true},"in2DMode":false,"pivot":{"x":36.373416900634769,"y":7.18696928024292,"z":11.384182929992676},"rotation":{"x":0.248415008187294,"y":-0.05082637816667557,"z":0.013053693808615208,"w":0.9672320485115051},"size":1.4660253524780274,"orthographic":false}