{"cameraMode":{"drawMode":0,"name":"Shaded","section":"Shading Mode"},"sceneLighting":false,"audioPlay":false,"sceneViewState":{"m_AlwaysRefresh":false,"showFog":true,"showSkybox":false,"showFlares":true,"showImageEffects":true,"showParticleSystems":true,"showVisualEffectGraphs":true,"m_FxEnabled":true},"in2DMode":false,"pivot":{"x":68.72328186035156,"y":115.08963775634766,"z":-182.66798400878907},"rotation":{"x":0.4194802939891815,"y":0.009531243704259396,"z":-0.004404702689498663,"w":0.9077039361000061},"size":10.392304420471192,"orthographic":false}