{"cameraMode":{"drawMode":0,"name":"Shaded","section":"Shading Mode"},"sceneLighting":false,"audioPlay":false,"sceneViewState":{"m_AlwaysRefresh":false,"showFog":true,"showSkybox":false,"showFlares":true,"showImageEffects":true,"showParticleSystems":true,"showVisualEffectGraphs":true,"m_FxEnabled":true},"in2DMode":false,"pivot":{"x":382.15081787109377,"y":215.01361083984376,"z":-0.2487889528274536},"rotation":{"x":0.046663813292980197,"y":0.332136869430542,"z":-0.016454219818115236,"w":0.941932737827301},"size":1.9019873142242432,"orthographic":false}