{"cameraMode":{"drawMode":0,"name":"Shaded","section":"Shading Mode"},"sceneLighting":false,"audioPlay":false,"sceneViewState":{"m_AlwaysRefresh":false,"showFog":true,"showSkybox":false,"showFlares":true,"showImageEffects":true,"showParticleSystems":true,"showVisualEffectGraphs":true,"m_FxEnabled":true},"in2DMode":false,"pivot":{"x":0.5122576355934143,"y":-5.413286209106445,"z":14.576769828796387},"rotation":{"x":0.18068371713161469,"y":0.01601964607834816,"z":-0.0033913736697286369,"w":0.9834054708480835},"size":10.231443405151368,"orthographic":false}